SampleID,TrueOrientation(degrees),PredictedOrientation(degrees),TrueSin,PredictedSin,TrueCos,PredictedCos
298577,0,32,0.0,0.047195691615343094,0.0,0.07274316251277924
298578,0,32,0.0,0.046877436339855194,1.0,0.07315314561128616
298579,0,41,0.0,0.027407372370362282,0.0,0.030590876936912537
298580,0,27,0.0,0.035816896706819534,1.0,0.06991782039403915
298581,90,39,1.0,0.08928028494119644,0.0,0.10728078335523605
